Pool Float,3,12,xhnsnqdfvb
Stuffed Animal,6,8,msvbyzbskc
Board Game,4,12,hrxhpvkfgt
Wood Boards,8,47,gdkdwfwzjv
Cell Phone,2,1400,zwwlwmdmvn
Bed Sheet,8,16,imfbtnxzfl
Coloring Pencils,5,6,xqpfgnjpxx
Coloring Book,3,4,kbpdcnbwgy
Crib,9,260,eotruwvtvs
Crib Mattress,4,56,qobaxicsba
Christmas Popcorn,2,10,strpendinv
Tennis Shoes,3,82,xdhsfklvnn
High Heals,9,57,qipvtuuxfs
Back Pack,3,22,qrkmlwgani
Xbox,5,257,lgwuuxmqej
Paint,6,32,fbaujduomc
Paint Brushes,5,14,opehavqyku
Diapers,2,50,twkpejgxcd
Play Station,8,410,lyfqrxzyib
Book,4,20,wbklyqffii
Game Buzzer,2,2,otvcwphklh
Scarf,6,6,qeflfzxlah
Bottled Water,4,13,shzbovfxii
Desk,8,148,zplyyqqiar
White Fuzzy Socks,3,12,ihuzalrndb
Kitchen Table,4,110,vjuegmnrnz
Book Self,9,55,sjsernfnrx
Cooking Pans,1,26,axlxwgrnys
Ball Cap,7,30,vormdlxusp
Sippy Cups,4,13,pvfqfgvdgo
Ceramic Plates,6,51,pcjwxpzsqs
Diaper Bag,2,40,jsjsofaktg
Hair Straightener,9,32,xughllewec
Bleach,7,10,rlikmrtjnz
Blow Dryer,3,17,xavzuxupmx
Foil,6,2,lajlcukoir
Fridge Magnets,1,5,qivdnagvjh
Rug,8,60,geucswjugm
Bed Spread,4,45,cgfqxcnuyu
Wallet,7,9,yqjrjruruf
Phone Case,2,18,hvviiodldr
Ball Point Pens,9,4,dugbcbejvc
Tiara,3,100,segldkgvta
Diamond Ring,7,3220,dzkwhrjvds
Chew Toy,1,13,ccynorpgsl
Dog Food,9,20,jjyobydpzx
Diaper Rash Cream,3,6,byqrprsvbb
Lap top,6,540,jesrllljsz
Ear Rings,3,11,mgywvbuxtc
Blue Jeans,6,63,gzuywhixll
Bobby Pins,4,4,upsxtwxnrd
Air Mattress,2,25,hxkuoliegx
Small Aniaml Cage,6,316,trtktcopkc
Lunch Box,8,17,aueuimuugv
Breast Pump,9,400,onevhvskrx
Storage Bags,3,10,kslxwelgld
Play-Doh,6,16,yjnsiykwbt
Fetal Doppler,4,56,wcjiotmkuj
Bicycle,3,33,hfcwavtfii
Tapestry,2,60,ylyrezvwgn
Silverware,4,29,cxtwcsotcv
Sun Glasses,6,43,grzjpktwqt
Scissors,8,5,jlmtbiflat
Drill,4,20,etqfutaeqm
Pocket Knife,2,82,pkmmapnhpo
Vitamins,3,10,tclayhwzge
Vaccum,9,60,fgjsfbuzji
Lawn Chairs,7,16,qzneirmpxz
Televion,1,169,vplikmjrsm
Picture Frame,5,1,tntsbbrjel
Rubber Gloves,3,13,xthwqirjxp
Washer,7,205,yxflnhecxw
Dryer,3,189,nkogwoezvw
Trash cans,9,6,tovfcaudpx
Stocking,4,9,nedysmgeif
Note Book,3,4,otsbgtrqjy
Storage Bin,6,15,zbnbdyycfc
Vaccum Bags,1,10,kvmihyjkgz
Computer Charger,5,50,cjbzmjxbxx
Rocking Horse,3,37,yrcjhuzqvx
Couch,6,700,wjysdfdszd
Sewing Machine,7,285,gbcfengqea
Disinfecting Wipes,3,3,rmuycgxoti
Yarn,5,16,ijpyjgytzm
Playing Cards,9,4,fckmxynbkb
Lip Stick,6,21,tuhvqddhqg
Baby Doll,3,17,calueufowd
Crayons,8,12,vygukdbspf
Movie(DVD),3,20,myubtorebq
Coffee Grounds,1,8,eviyzqyhoy
Pencil Sharpener,6,15,jxdfcwylxs
Coffee Mug,4,22,vwgcckbdhf
Blender,2,89,ifpmnljcyr
Make up Brushes,3,45,nezgqntvjw
Hair Exsentions,6,50,kuwltmuthi
Halloween Costumes,5,42,zcdxfrovsp
Necklace,7,38,tbqeoxtcjj
Christmas Lights,9,130,cetbtezsaf
Yard Decorations,7,48,hferxvwwtz
Lose Leaf Notebook Paper,5,10,puccuoccxj
Hair Net,4,5,vnjlsqqonk
Loofah,3,2,qszywvmbez
Magic Eraser,2,10,eauvmrtblc
Taser,7,29,gybtefkjmn
Hair Scrunchie,5,12,pdnuhxdkcm
Tires,3,47,lajnpplwmk
Camera,8,302,dbpkprjxkk
Towels,6,15,vtqdvfzgna
Construction Paper,4,4,gwuijcgluh
Lamp,2,30,qxbfxeohad
High Lighters,8,8,disivgzcyq
Wind Shield Washer Fluid,9,23,kdiqzrurjh
Elmers Glue,7,12,qzxkhnwnib
Binder,4,6,nxqjbckalv
Peanut Butter,6,9,xueiosumur
Cardboard box,5,12,ceombehxoq
Paper clips,1,7,bimtwypawx
Disco Ball,4,100,hfktozwquq
Light Bulds,3,22,xjrmcqxqvb
Bath Robe,5,30,cxrmlzbhsy
RC Car,2,67,fuvbokrqja
AA Batteries,9,17,zbbchmhkhe
Cereal,3,9,xlbzxwbfic
Screw Driver,8,9,qxnrlqhtib
Eye Lash Extensions,1,5,updodtvdpw
Apple Juice,7,8,ylstpaozqp
Tri-Pod,5,7,tzpzffyfjn
Watch,5,147,ucbtfmnkol
Computer Mouse,2,12,rolpgdyaxh
Sugar,3,10,tdspcmollx
Phone Charger,6,15,ermnqdiqkc
Indoor Slide,2,84,ljawwqtfxf
Exercise Ball,7,19,rhuolrpfnh
Portch Swing,4,220,wnnmyfeydh
Mouth Wash,1,3.8,zcghvrfplu
Coffee Machine,8,50,gvgfgdyggx
Hair Bows,5,11,vzmwukikwn
Pillow,9,20,bdetfngjtp
Cookie Dough,8,13,hcvcviqpnu
Mattress,2,27,tiyhkptlct
Slippers,1,14,ckxpzulvqw
Extension Cord,7,17,sagfdmswcp
Lanyard,2,3,smuwgjuxwz
Jar of Pickles,9,8,zzzimyzmqb
Shower Curtain,5,27,qgwgfrphhz
Door Knob,4,50,zjahuhrguc
Cotton Balls,1,9,rxvphyyylw
Contacts,9,33,nczezlqeto
Glasses Case,3,14,cbrjfoljbc
Magazine,8,7,erlgjwhqrk
Hangers,5,29,tlalttsjhc
Dresser,8,83,csxabsnzyo
Night Stand,2,70,uxvtqcjzgq
Bed Frame,3,65,xphiwpbzdg
Box Spring,4,99,yndjufvtso
Head Phones,3,49,xvippzpyss
Tweezers,9,10,sfclkmikpa
Animal Crackers,6,6,mbkuvrqdwb
100 Pack of Straws,8,2,ulcskaqeeh
Gloves,6,12,gshbhmfwtr
Belly Button Ring,4,25,urmbsfqjxt
Nail Polish,3,9,nrujaivxez
Car Vaccum,2,48,cshnhenfay
Wind Shield Wipers,7,16,vggdajvpod
Tissue Box,5,10,swpshcugmb
Mascara,3,22,znfxjoeiqu
Blush,2,8,mhtcwdcfhm
Dr. Pepper,3,3,ebfdcffmht
Wii,8,200,ruiyigkici
Mac and Cheese,4,8,venxflddbm
Apples,1,10,mbnbsetxhv
Sweet Tea,4,5,htwxumxbsh
Scrubs,2,32,hfpybxihdy
Cat,2,27,emkklvppro
Stickers,3,8,sonkknmpts
Box Fan,5,63,suyadfsdyt
White Board,2,3,uxvbawcfjx
Bonsai Tree,8,20,thxslfdbfv
TV Stand,5,93,xfsdluwclh
Car,3,104,fxyygshmit
Tv Tray,9,36,wqlhktouzg
Nose Ring,5,62,qxabmblyev
Clip Board,1,54,cfiawumywn
Eye Drops,5,4,wffwktuqsn
Aglet,2,24,zwzrcrqfok
Dress,1,16,lujqheoyzj
Dumb Bells,7,38,epebwkuqdh
Light Switch,3,74,dtmkfsxrab
Shoe Laces,1,10,pihvcduyhe
Door,8,18,xadpvjawrt
Tattoo Gun,5,21,ekqfoiktzq
Purse,7,90,zsqwhrawkf
Kinetic Sand,5,10,ydluieoyff
Lip Ring,1,15,svmtpnomlw
Toe Nail Clippers,4,6,ekzpgyklme
Tupper ware,2,18,nmchdnxyxw
Finger Nail Clippers,8,4,tbstawyznd
Nail Gun,6,91,yrrmgkcapb
Barb Wire,2,63,srtnngvjhz
Video Game,6,76,zbhgwfrogz
