Pool Float,52,13,coqancyrji,
Stuffed Animal,93,74,kyclrvivrb,
Board Game,93,394,xuoaccpxex,
Wood Boards,87,364,jlctjexyvv,
Cell Phone,86,326,kjqtgohhks,
Bed Sheet,59,62,qxwgswehqz,
Coloring Pencils,80,85,nfssxmqzbi,
Coloring Book,75,673,zivipagpwz,
Crib,68,245,ztjkipexkd,
Crib Mattress,60,661,gchavggyyv,
Christmas Popcorn,76,809,hbpsqvzghz,
Tennis Shoes,61,39,sbgcfhvfsk,
High Heals,64,844,uicmgcrqtc,
Back Pack,72,910,kxjbmaldnv,
Xbox,71,702,znccjbwtgn,
Paint,95,231,zcferqlhrt,
Paint Brushes,76,469,ywoxfvwhnc,
Diapers,74,31,wsxkfzoxof,
Play Station,94,314,qlqonemkzn,
Book,99,366,vbvbalexqt,
Game Buzzer,87,186,lwlezxzpom,
Scarf,76,187,iqvwkpejtb,
Bottled Water,80,177,dkaridxysg,
Desk,72,12,epciwxmgsf,
White Fuzzy Socks,92,635,lpipgvagmd,
Kitchen Table,94,323,hqwyrtipdi,
Book Self,78,770,wptbmberez,
Cooking Pans,56,776,cdgijggeix,
Ball Cap,75,624,tzkgxgenio,
Sippy Cups,100,393,vzxehaghuy,
Ceramic Plates,87,596,wsubgayulu,
Diaper Bag,91,617,dvqvnvaqqf,
Hair Straightener,62,744,xtrfmhmldv,
Bleach,90,70,fxvsntfodh,
Blow Dryer,78,915,tohdclavjl,
Foil,93,203,dgvvknssoe,
Fridge Magnets,94,599,shbyznkyql,
Rug,99,887,nctiviykgl,
Bed Spread,57,865,cntmthwfzj,
Wallet,69,297,gbrfxcqgsk,
Phone Case,64,148,vvubrzcjap,
Ball Point Pens,55,403,ajvipushnb,
Tiara,54,586,hstmzmbamg,
Diamond Ring,81,254,vgamqkfcdy,
Chew Toy,74,165,qgmeajirjo,
Dog Food,84,89,yqaagenqyb,
Diaper Rash Cream,90,342,xgnaygitks,
Lap top,89,66,psdccuvpeq,
Ear Rings,67,260,uwtqemjjox,
Blue Jeans,51,209,jqjkquubuu,
Bobby Pins,82,975,mcwjkznkhd,
Air Mattress,55,854,grtpzftttk,
Small Aniaml Cage,96,766,cqpduydxve,
Lunch Box,71,336,lqxtqjlmiv,
Breast Pump,66,598,xydlmvfris,
Storage Bags,80,897,hkajzdqxle,
Play-Doh,74,738,gnvebwcifh,
Fetal Doppler,65,537,uxbfbnuqye,
Bicycle,61,473,ohxbkrephc,
Tapestry,92,317,pzvcpicqis,
Silverware,76,846,shgzwmbphq,
Sun Glasses,88,183,ozjmasfbik,
Scissors,54,266,tpiofcsoea,
Drill,96,421,ijhxjhtlnd,
Pocket Knife,99,731,sneyjtvcuc,
Vitamins,76,462,jyzrckxpmd,
Vaccum,60,710,ivzknyatav,
Lawn Chairs,64,64,myiqbekkdw,
Televion,64,91,ylvhdlxhlp,
Picture Frame,57,224,ipetnpgtnw,
Rubber Gloves,57,97,qxeqctyary,
Washer,88,850,hrgrwyckic,
Dryer,73,458,jyimgbovbr,
Trash cans,95,339,btchikbubm,
Stocking,51,704,isaqzetqij,
Note Book,98,352,xorbtksbsc,
Storage Bin,69,155,tvlhwkbgce,
Vaccum Bags,86,229,kaudhgouob,
Computer Charger,93,107,ufrqlntbsk,
Rocking Horse,100,569,opzulhdolh,
Couch,79,847,qotothcdbk,
Sewing Machine,64,928,egjyswvvfc,
Disinfecting Wipes,92,110,xqxhifmcbu,
Yarn,83,776,cpcitkqtjz,
Playing Cards,100,284,evakabcfok,
Lip Stick,78,600,rmlgrhzsgw,
Baby Doll,80,198,fpavakcsiw,
Crayons,58,34,jdrclbjgzj,
Movie(DVD),84,891,cltdfwffgf,
Coffee Grounds,52,489,ziqkdbxlnh,
Pencil Sharpener,87,271,ijspazaprw,
Coffee Mug,71,462,yghvuxzuwm,
Blender,96,678,yucvhhaabh,
Make up Brushes,84,754,ajgzukcfam,
Hair Exsentions,89,450,jhfrxrpzhi,
Halloween Costumes,59,50,muryprtabd,
Necklace,58,137,sukwzczyql,
Christmas Lights,64,707,qhxegucxde,
Yard Decorations,52,27,udhmvtatuf,
Lose Leaf Notebook Paper,67,361,eunfoybtpj,
Hair Net,75,710,gzuctqhvhd,
Loofah,69,328,bowillecxh,
Magic Eraser,98,841,mtawcovtjh,
Taser,79,721,gvpiefhxdy,
Hair Scrunchie,52,736,eqjyrtdtnv,
Tires,88,484,horskueblo,
Camera,53,525,xmabhlncit,
Towels,81,303,ltlkgxecvv,
Construction Paper,76,452,hqptrtrcip,
Lamp,87,892,vdkegixfwo,
High Lighters,83,683,ovhinmlmkf,
Wind Shield Washer Fluid,90,612,mlhqhjtoco,
Elmers Glue,70,529,qywazzadpo,
Binder,75,839,jkvpbiithl,
Peanut Butter,73,598,wofeukzvfw,
Cardboard box,63,467,eqgimgfdjk,
Paper clips,58,799,jlgxonmnnp,
Disco Ball,53,708,dbtsgzxggs,
Light Bulds,64,932,nrwtfupvcb,
Bath Robe,63,745,exunbsjfvy,
RC Car,68,292,zwspjrehbg,
AA Batteries,56,707,pivdqfjtrt,
Cereal,69,490,mwwbgeenkm,
Screw Driver,82,536,jpewhqkipl,
Eye Lash Extensions,53,703,vorgnenzsc,
Apple Juice,82,713,spijcdvyoi,
Tri-Pod,56,395,tlnmgoeavd,
Watch,64,159,kmipibpllq,
Computer Mouse,77,414,kvxaddvzjx,
Sugar,56,952,woaglrzlgv,
Phone Charger,88,74,qboozbufkv,
Indoor Slide,70,753,qbglauheol,
Exercise Ball,58,154,rgeubcehym,
Portch Swing,98,701,jlsppfnlig,
Mouth Wash,61,715,akxqgbqvhs,
Coffee Machine,87,657,pcwbvbiqby,
Hair Bows,80,877,kbpligfrac,
Pillow,54,886,wgidhpsftw,
Cookie Dough,93,803,wlnfewhaoq,
Mattress,77,756,jlhapwkbja,
Slippers,60,249,eyqzyhinnj,
Extension Cord,78,939,iaffytqoaj,
Lanyard,54,858,wegbgzjfvd,
Jar of Pickles,55,967,lpucexlzzd,
Shower Curtain,82,548,xofewgtsrz,
Door Knob,86,284,dusoddyiav,
Cotton Balls,53,225,tyvkxbspxs,
Contacts,61,422,kvatpsybip,
Glasses Case,100,985,ikekmrpomt,
Magazine,95,524,xgvmqguknc,
Hangers,75,157,rejlilkprl,
Dresser,100,383,dchsgnoeym,
Night Stand,74,876,eepmgkswls,
Bed Frame,77,142,fagyxhjbau,
Box Spring,56,849,rculhweeji,
Head Phones,81,508,vzfxjsepdh,
Tweezers,75,11,oacqrfrsnw,
Animal Crackers,81,795,gdcitnyemh,
100 Pack of Straws,79,881,rhqqzshqxr,
Gloves,57,37,nqvnpxroic,
Belly Button Ring,54,588,oinkotzmbs,
Nail Polish,58,25,skhabkegij,
Car Vaccum,66,225,imfvnnexeg,
Wind Shield Wipers,75,979,duktevdayv,
Tissue Box,81,113,afjcrkqtxb,
Mascara,60,404,lqylhqqfkk,
Blush,55,9,lwczmkavlp,
Dr. Pepper,63,281,iutaapgkvo,
Wii,73,451,ibwryvguwr,
Mac and Cheese,91,969,oqhhxxtdqn,
Apples,90,941,bmpzgbqfyj,
Sweet Tea,85,719,hvdoneovzj,
Scrubs,68,629,vihmspzgxt,
Cat,99,650,otzsqqojdf,
Stickers,56,317,omiiajvwox,
Box Fan,87,564,kkxslkousg,
White Board,99,970,ccudtypcra,
Bonsai Tree,76,649,drziiixnbl,
TV Stand,100,409,tpegfkmuko,
Car,66,100,ozgtebxvdo,
Tv Tray,61,667,hlgkolqnpt,
Nose Ring,67,923,cahgwpsejf,
Clip Board,60,53,torhjoholt,
Eye Drops,90,208,ncatnvfztt,
Aglet,73,889,fvmnsmadlw,
Dress,91,619,dszfkufbbb,
Dumb Bells,96,704,xbebnvhbon,
Light Switch,74,921,wddqydjyxn,
Shoe Laces,90,339,qamwabiowz,
Door,56,653,jrgfjdyrqa,
Tattoo Gun,88,277,vchajvrxgo,
Purse,58,48,kelkybrbox,
Kinetic Sand,83,683,lktkkkclyw,
Lip Ring,98,129,ndlkamnqfz,
Toe Nail Clippers,58,712,rhoupohdff,
Tupper ware,52,281,qeigiidmqc,
Finger Nail Clippers,64,331,sqsejxscpm,
Nail Gun,69,817,kdwoyrjwmz,
Barb Wire,88,780,gvufnowhoy,
Video Game,50,695,oermqabvof,
